{
  "accuracy": 0.9533333333333334,
  "test_accuracy": 0.9533333333333334,
  "train_accuracy": 0.9609722222222222,
  "nb_accuracy": 0.9533716414181562,
  "rule_accuracy": 0.995880535530381,
  "timestamp": "2026-06-04T00:09:30.145798",
  "model_type": "Naive Bayes + Rule-Based Hybrid",
  "total_intents": 90,
  "total_rules": 12,
  "confidence_threshold": 0.3
}