{
  "accuracy": 0.9591111111111111,
  "test_accuracy": 0.9591111111111111,
  "train_accuracy": 0.9689722222222222,
  "nb_accuracy": 0.9581712726032071,
  "rule_accuracy": 0.9971014492753624,
  "timestamp": "2026-06-04T11:57:32.501208",
  "model_type": "Naive Bayes + Rule-Based Hybrid",
  "total_intents": 90,
  "total_rules": 12,
  "confidence_threshold": 0.3
}