{
  "accuracy": 0.9644444444444444,
  "test_accuracy": 0.9644444444444444,
  "train_accuracy": 0.97375,
  "nb_accuracy": 0.9635119467115284,
  "rule_accuracy": 0.9950641658440277,
  "timestamp": "2026-06-04T17:06:49.235519",
  "model_type": "Naive Bayes + Rule-Based Hybrid",
  "total_intents": 90,
  "total_rules": 12,
  "confidence_threshold": 0.3
}