{
  "accuracy": 0.8422103861517976,
  "test_accuracy": 0.8422103861517976,
  "train_accuracy": 0.9224109224109224,
  "nb_accuracy": 0.899344441409451,
  "rule_accuracy": 0.9946236559139785,
  "timestamp": "2026-05-17T13:22:25.770177",
  "model_type": "Naive Bayes + Rule-Based Hybrid",
  "total_intents": 90,
  "total_rules": 12,
  "confidence_threshold": 0.3
}