{
  "accuracy": 0.9079061685490878,
  "test_accuracy": 0.9079061685490878,
  "train_accuracy": 0.94559051057246,
  "nb_accuracy": 0.9353393085787451,
  "rule_accuracy": 0.9965397923875432,
  "timestamp": "2026-05-18T00:37:10.463562",
  "model_type": "Naive Bayes + Rule-Based Hybrid",
  "total_intents": 90,
  "total_rules": 12,
  "confidence_threshold": 0.3
}